[
  {
    "id": 1,
    "title": "Herzlich willkommen",
    "template": "Info",
    "type": "single",
    "level": 1,
    "order": 1,
    "xp": 0,
    "skippable": true,
    "props": {
      "title": "Herzlich willkommen",
      "message": "Es freut mich, dass du People Pleasing überwinden und frei und unabhängig leben möchtest."
    }
  },
  {
    "id": 2,
    "title": "Avatar auswählen",
    "template": "ChooseAvatar",
    "level": 1,
    "order": 2,
    "xp": 0,
    "skippable": true,
    "props": {}
  },
  {
    "id": 3,
    "title": "Erste Reflexion",
    "template": "YesNo",
    "type": "single",
    "level": 1,
    "order": 3,
    "xp": 10,
    "skippable": false,
    "props": {
      "question": "Hast du schon mal gemerkt, dass du dich verbiegst, um anderen zu gefallen?",
      "yesText": "Ja",
      "noText": "Nein"
    }
  },
  {
    "id": 4,
    "title": "Emotionen prüfen",
    "template": "EmotionPicker",
    "type": "single",
    "level": 1,
    "order": 4,
    "xp": 20,
    "skippable": false,
    "props": {
      "question": "Wenn du Nein sagst – wie fühlst du dich meistens?"
    }
  },
  {
    "id": 5,
    "title": "Gamification Erklärung",
    "template": "Info",
    "type": "single",
    "level": 1,
    "order": 5,
    "xp": 0,
    "skippable": true,
    "props": {
      "message": "So funktioniert die App: Du bekommst XP, steigst im Level auf, sammelst Diamanten und schaltest Belohnungen frei. Dein Begleiter (Eva oder Tim) wächst mit dir."
    }
  },
  {
    "id": 6,
    "title": "Mini-Challenge",
    "template": "HoldButton",
    "type": "single",
    "level": 1,
    "order": 6,
    "xp": 30,
    "skippable": false,
    "props": {
      "label": "Halte den Button, um deine erste Mission abzuschließen!"
    }
  },
  {
    "id": 7,
    "title": "Atem-Meditation",
    "template": "CircleTimer",
    "type": "single",
    "level": 1,
    "order": 7,
    "xp": 40,
    "skippable": false,
    "props": {
      "duration": 60,
      "text": "Lenke deine Aufmerksamkeit sanft auf deinen Atem. Beobachte, wie er kommt und geht, ohne etwas verändern zu müssen."
    }
  },
  {
    "id": 8,
    "title": "Level 1 Abschluss",
    "template": "InterventionSuccess",
    "type": "single",
    "level": 1,
    "order": 8,
    "xp": 50,
    "skippable": false,
    "props": {
      "message": "Glückwunsch 🎉 Level 1 abgeschlossen! Du bist bereit für den nächsten Schritt."
    }
  }
]
