{
  "browInnerUp": 1,
  "eyeSquintLeft": 0.74,
  "eyeSquintRight": 0.6,
  "eyeWideLeft": 0.07,
  "jawForward": -0.05,
  "jawLeft": -0.05,
  "jawRight": -0.09,
  "mouthFrownLeft": 1,
  "mouthFrownRight": 1,
  "mouthPucker": -0.68,
  "mouthShrugUpper": -0.07,
  "noseSneerLeft": -1,
  "noseSneerRight": -0.98,
  "mouthLowerDownLeft": 0.44,
  "mouthLowerDownRight": -0.1,
  "mouthLeft": -0.04,
  "eyeLookDownLeft": 1,
  "eyeLookDownRight": 1,
  "cheekPuff": 0.05,
  "mouthClose": 0.05,
  "mouthStretchLeft": -0.05,
  "mouthStretchRight": -0.1,
  "mouthRollLower": 0.12
}